{
 "CustomTypeExample": {
  "x": 76.69999694824219,
  "y": 436.29998779296875,
  "z": 8677.2998046875
 },
 "Health": 54,
 "Remember me": true,
 "Speed": 848.4000244140625,
 "Username": "Max"
}